Shift;DE;ES;IT;NL;SE;UK
1;0.052009163;0.048918993;0.041525388;0.062083732;0.038973787;0.052061227
2;0.044600292;0.040345228;0.036552999;0.055401501;0.034182952;0.040322795
3;0.041263966;0.038308256;0.038896001;0.050015181;0.032463844;0.033913051
4;0.043047987;0.039834232;0.04406014;0.048661556;0.03349668;0.038417948
5;0.048606367;0.0438838;0.050731999;0.050942466;0.035209311;0.049359555
6;0.055613734;0.051813481;0.058125416;0.054580093;0.038998135;0.061894767
7;0.063541895;0.057875385;0.066094133;0.057963516;0.044985234;0.076933075
8;0.072087709;0.063332451;0.07560678;0.060152488;0.050602918;0.091927598
